"Barber Shop V. I. P""";Clavero 74, 8210698 Puente Alto, Región Metropolitana, Chile ;
STANDARD BARBERÍA EXCLUSIVA;Pto San Francisco, Av. El Peral 3642 con, 8150000 Puente Alto, Región Metropolitana, Chile ;
The Line Cut Studio;Anakena 3394, 8150000 Puente Alto, Región Metropolitana, Chile ;
BastardosBarbershop;Av. Concha y Toro 2113, 8206385 Puente Alto, Región Metropolitana, Chile ;
BARBERIA BLACK BULL;Av. Concha y Toro 4115, 8220646 Puente Alto, Región Metropolitana, Chile ;
Barberia la 98 studio;Tocornal Ex Pedro Duarte / Psje, Don Tomás Calderón 487, Puente Alto, Región Metropolitana ;
Peluquería Cristian Becerra;Sta. Elena 328, 8180890 Puente Alto, Región Metropolitana ;
Barber World;Av. Las Nieves Ote. 0423, 1030000 Puente Alto, Región Metropolitana ;
Mr Horse Barber Shop;Av. Jorge Ross Ossa 790, 8150215 Puente Alto, Región Metropolitana ;
HS Barber Studio;Av. Concha y Toro 3895, 8150215 Puente Alto, Región Metropolitana ;
Garrison barberia;Los Mallines 1913, 8166380 Puente Alto, Región Metropolitana ;
Puwentru Barbería;Av. México 2627, Local 103, 8207148 Puente Alto, Región Metropolitana ;
Wutang Barbería;El Peñón 01465, 8205784 Puente Alto, Región Metropolitana ;
Scorpio Barber;Luis Matte Larraín 02662, 8207556 Puente Alto, Región Metropolitana ;
JakexCut Barberia Clásica;Av. Troncal Las Torres 02572, 8181484 Cordillera, Puente Alto, Región Metropolitana ;
Mister Cuts;Cam. Internacional 03063, Puente Alto, Región Metropolitana ;
Al Capone Barber;C. El Llano 0229, 8320000 Puente Alto, Región Metropolitana ;
Barberia Moyano;La Colonia 802, Puente Alto, Región Metropolitana ;
Future Barbershop Chile;Tocornal Grez 0481, 8150000 Puente Alto, Región Metropolitana ;
León Barberias;Balmaceda 395, 8180893 Puente Alto, Región Metropolitana ;
Barbería y Peluquería Shalom;El Peñón 1161, 8150000 Puente Alto, Región Metropolitana ;
Eco Barber;Zaragoza 4105, 8150000 Puente Alto, Región Metropolitana ;
Barbería El Truco;Av. México 3789, 8220834 Puente Alto, Región Metropolitana ;
Barberia Moyano;La Colonia 802, Puente Alto, Región Metropolitana ;
Peluquería Rodrigo Paris;Vicepresidente Bernardo Leighton 1236, 8180100 Puente Alto, Región Metropolitana ;
Peluquería y Barbería Estilo MyA;Balmaceda 395, depto 31, 8180893 Santiago, Puente Alto, Región Metropolitana ;
Peluquería Myriam Barríos;Av. San Carlos 425, 8150215 Puente Alto, Región Metropolitana ;
Peluquería Rodrigo Paris;Vicepresidente Bernardo Leighton 1236, 8180100 Puente Alto, Región Metropolitana ;
Broc_peluqueria;Coquimbo 2698, 8152204 Puente Alto, Región Metropolitana ;
DIVINO SALON;Coquimbo 2797, 8150215 Puente Alto, Región Metropolitana;
Barber Shop V. I. P;Clavero 74, 8210698 Puente Alto, Región Metropolitana, Chile ;
STANDARD BARBERÍA EXCLUSIVA;Pto San Francisco, Av. El Peral 3642 con, 8150000 Puente Alto, Región Metropolitana, Chile ;
The Line Cut Studio;Anakena 3394, 8150000 Puente Alto, Región Metropolitana, Chile ;
BastardosBarbershop;Av. Concha y Toro 2113, 8206385 Puente Alto, Región Metropolitana, Chile ;
BARBERIA BLACK BULL;Av. Concha y Toro 4115, 8220646 Puente Alto, Región Metropolitana, Chile ;
Barberia la 98 studio;Tocornal Ex Pedro Duarte / Psje, Don Tomás Calderón 487, Puente Alto, Región Metropolitana ;
Peluquería Cristian Becerra;Sta. Elena 328, 8180890 Puente Alto, Región Metropolitana ;
Barber World;Av. Las Nieves Ote. 0423, 1030000 Puente Alto, Región Metropolitana ;
Mr Horse Barber Shop;Av. Jorge Ross Ossa 790, 8150215 Puente Alto, Región Metropolitana ;
HS Barber Studio;Av. Concha y Toro 3895, 8150215 Puente Alto, Región Metropolitana ;
Garrison barberia;Los Mallines 1913, 8166380 Puente Alto, Región Metropolitana ;
Puwentru Barbería;Av. México 2627, Local 103, 8207148 Puente Alto, Región Metropolitana ;
Wutang Barbería;El Peñón 01465, 8205784 Puente Alto, Región Metropolitana ;
Scorpio Barber;Luis Matte Larraín 02662, 8207556 Puente Alto, Región Metropolitana ;
JakexCut Barberia Clásica;Av. Troncal Las Torres 02572, 8181484 Cordillera, Puente Alto, Región Metropolitana ;
Mister Cuts;Cam. Internacional 03063, Puente Alto, Región Metropolitana ;
Al Capone Barber;C. El Llano 0229, 8320000 Puente Alto, Región Metropolitana ;
Barberia Moyano;La Colonia 802, Puente Alto, Región Metropolitana ;
Future Barbershop Chile;Tocornal Grez 0481, 8150000 Puente Alto, Región Metropolitana ;
León Barberias;Balmaceda 395, 8180893 Puente Alto, Región Metropolitana ;
Barbería y Peluquería Shalom;El Peñón 1161, 8150000 Puente Alto, Región Metropolitana ;
Eco Barber;Zaragoza 4105, 8150000 Puente Alto, Región Metropolitana ;
Barbería El Truco;Av. México 3789, 8220834 Puente Alto, Región Metropolitana ;
Barberia Moyano;La Colonia 802, Puente Alto, Región Metropolitana ;
Peluquería Rodrigo Paris;Vicepresidente Bernardo Leighton 1236, 8180100 Puente Alto, Región Metropolitana ;
Peluquería y Barbería Estilo MyA;Balmaceda 395, depto 31, 8180893 Santiago, Puente Alto, Región Metropolitana ;
Peluquería Myriam Barríos;Av. San Carlos 425, 8150215 Puente Alto, Región Metropolitana ;
Peluquería Rodrigo Paris;Vicepresidente Bernardo Leighton 1236, 8180100 Puente Alto, Región Metropolitana ;
Broc_peluqueria;Coquimbo 2698, 8152204 Puente Alto, Región Metropolitana ;
DIVINO SALON;"Coquimbo 2797, 8150215 Puente Alto, Región Metropolitana""JESÚS-BARBER";Caperana, El Maitén 4535, 8320000 Isla de Maipo, Región Metropolitana
Peluquería y Barbería Basty;CF2C+JHW Puente Alto 05278, Camino A San José del Maipo 05278, 8150000 Puente Alto, Región Metropolitana;
Salón Dreams Beauty;Cam. Al Volcán 990, 9460000 San José de Maipo, Región Metropolitana ;
